{"cameraMode":{"drawMode":0,"name":"Shaded","section":"Shading Mode"},"sceneLighting":true,"audioPlay":false,"sceneViewState":{"m_AlwaysRefresh":false,"showFog":true,"showSkybox":true,"showFlares":true,"showImageEffects":true,"showParticleSystems":true,"showVisualEffectGraphs":true,"m_FxEnabled":true},"in2DMode":false,"pivot":{"x":15.055819511413575,"y":-17.699058532714845,"z":32.607059478759769},"rotation":{"x":0.6161686778068543,"y":0.007089965511113405,"z":-0.005543149542063475,"w":0.7875668406486511},"size":86.6758041381836,"orthographic":true}